id,question,answer1,isCorrect1,answer2,isCorrect2,answer3,isCorrect3,answer4,isCorrect4,answer5,isCorrect5,answer6,isCorrect6,answer7,isCorrect7,answer8,isCorrect8
1,Prokaryotická bunka:,môže obsahovať tylakoidy,1,"môže obsahovať choloplasty, napr. sinice",0,obsahuje prokaryotické ribozómy,1,má cytoplazmatickú membránu,1,má nukleoid,1,má lineárne molekuly DNA uložené v cytoplazme,0,má vnútorný priestor rozčlenený membránami na štruktúrne a funkčné celky ,0,má homologické kruhové chromozómy uložené voľne v cytoplazme,0
2,Prokariotické bunky nemajú:,plastidy,1,vnútorný priestor rozčlenený membránami na štruktúrne a funkčné celky,1,ribozómy,0,diktyozómy,1,cytoplazmatickú membránu,0,centriol,1,jadierko,1,mitochondrie,1
3,Ktoré štruktúry prokaryotickej bunky sú zodpovedné za uvoľňovanie energie:,tylakoidy,0,bičíky,0,ribozómy,0,mitochondrie,0,plazmatická membrána,1,jadro,0,diktyozómy,0,vakuoly,0
4,Cytológia sa zaoberá štúdiom:,živých sústav na úrovni molekúl,0,mikroskopickej stavby živočíšnych tkanív,0,javov na úrovni bunky,1,živých mikroorganizmov,0,živých sústav na úrovni ich základnej štruktúrnej a funkčnej jednotky,1,vírusov,0,tvaru a štruktúry buniek a bunkových organel,1,makromolekulových látok ,0
5,Za najmenší systém schopný samostatného života sa považuje:,vírus,0,bunka,1,kolónia,0,biopolymér,0,mnohobunkový organizmus,0,populácia,0,nukleoproteínová častica,0,indivíduum vyššieho rádu,0
6,Vírusy sú:,extracelulárne parazity,0,schopné uchovávať genetickú informáciu,1,nebunkové organizmy,1,najjednoduchšie jednobunkové prokaryotické organizmy,0,z hľadiska organizácie najjednoduchšie živé sústavy,1,schopné autoreprodukcie,0,schopné trvalo existovať len ako parazity buniek,1,rozmnožovaním viazané len na živé bunky,1
7,Podľa všeobecnej štruktúry rozlišujeme dva základné typy buniek:,rastlinné a živočíšne,0,jadrové a bezjadrové,0,diferencované a nediferencované,0,prokaryotické a eukaryotické,1,mikroskopické a submikroskopické,0,jednoduché a zložené,0,membránové a nemembránové,0,telové a pohlavné,0
8,Pravé individuá vyššieho rádu:,sú spoločenstvá tzv. sociálneho hmyzu,1,sú napr. svorky vlkov,0,"sú spoločenstvá jedincov, ktorí môžu existovať aj samostatne",0,sú obligátne spoločenstvá organizmov,1,majú jedincov trvalo anatomicky a funkčne diferencovaných,1,"sú spoločenstvá organizmov, v ktorých je funkčná špecializácia jedincov zameniteľná",0,"sú spoločenstvá organizmov, v ktorých je funkčná špecializácia jedincov nezameniteľná",1,majú jedincov prechodne anatomicky a funkčne diferencovaných,0
9,Bunky určitého funkčného a štruktúrneho typu sa spájajú do:,orgánov - pri rastlinách,0,špecializovaných buniek,0,pletív - pri rastlinách,1,organizmov,0,individuí vyššieho rádu - pri živočíchoch,0,tkanív - pri živočíchoch,1,tkaninových kultúr - pri rastlinách,0,bunkových organel,0
10,Základom cytoplazmatickej membrány je,bielkovinová dvojvrstva,0,celulózová dvojvrstva,0,"dvojvrstva lipidov, do ktorej sú ponorené bielkoviny",1,cytosol,0,cytoplazmatická matrix,0,fosfolipidová dvojvrstva,1,plazmaléma,0,"bielkovinová dvojvrstva, do ktorej sú ponorené fosfolipidy",0
11,K základným bunkovým povrchom eukaryotickej bunky patrí:,plazmaléma,1,jadrová membrána,0,kutikula,0,pelikula,0,bunková stena,1,cytoplazmatická membrána,1,slizové puzdro,0,karyoléma,0
12,Cytoplazmatická membrána:,je väčšinou jedinou biomembránou v prokaryotických bunkách,1,reguluje príjem látok do bunky,1,sa nazýva plazmaléma,1,sa nazýva karyoléma,0,patrí k bunkovým povrchom,1,obsahuje receptory na zachytávanie signálov,1,tvorí prostredie pre život a metabolickú aktivitu bunkových organel,0,zabezpečuje predovšetkým mechanickú ochranu bunky,0
13,Biomembrány sú zložené:,z dvojvrstvy bielkovín a molekúl sacharidov,0,z dvojvrstvy lipidov a integrálnych a periférnych bielkovín,1,z dvojvrstvy fosfolipidov a dvojvrstvy sacharidov,0,z jednej vrstvy fosfolipidov a dvoch vrstiev molekúl bielkovín,0,"z molekúl fosfolipidov, ktoré tvoria dvojitú vrstvu a molekúl bielkovín",1,z vonkajšej bielkovinovej a vnútornej lipidovej vrstvy,1,z integrálnych a periférnych lipidov a molekúl bielkovín,0,"z dvojvrstvy fosfolipidov, do ktorej sú ponorené molekuly bielkovín",0
14,Eukaryotické bunky na rozdiel od prokaryotických:,majú membránové organely,1,nemajú membránové organely,0,majú karyolému,1,nemajú jadrovú membránu,0,majú kruhové jadrové chromozómy,0,sú spravidla menšie,0,majú vnútorný priestor rozčlenený membránami na štruktúrne a funkčné celky,1,majú vlastný genetický materiál,0
15,Živočíšne bunky na rozdiel od rastlinných buniek:,sú od vonkajšieho prostredia oddelené cytoplazmatickou membránou,0,"obsahujú lyzozómy, ktoré zabezpečujú rozkladné procesy v bunke",1,obsahujú vakuoly,0,majú na povrchu semipermeabilnú bunkovú stenu,0,sú navzájom pospájané plazmodezmami,0,nemajú bunkovú stenu,1,majú tonoplast,0,"môžu obsahovať myofibrily, tonofibrily, neurofibrily",1
16,Cytoskelet bunky:,zabezpečuje priestorové rozloženie organel v bunke,1,predstavuje statickú kostru bunky,0,uplatňuje sa pri realizácií difúzie,0,uplatňuje sa pri realizácií fagocytózy,1,uplatňuje sa pri realizácií pinocytózy,1,uplatňuje sa pri realizácií osmózy,0,je zložený z nukleoproteínových vlákien,0,"má pohybovú, mechanickú a podpornú funkciu",1
17,Cytoskeletová sústava bunky:,patrí k membránovým štruktúram,0,"uplatňuje sa pri realizácii všetkých druhov pohybov, ktoré bunka vykonáva",1,predstauje dynamickú kostru bunky,1,predstavuje statickú kostru bunky,0,patrí k fibrilárnym štruktúram,1,patrí medzi neživé súčasti bunky,0,"je tvorená mikrotubulmi, mikrofilamentami a intermediárnymi filamentami",1,je tvorená nukleoproteínovými vláknami,0
18,Drsná forma endoplazmatického retikula:,sa podieľa na syntéze vitamínu D,0,sa podieľa na syntéze lipidov,0,je bez ribozómov,0,sa podieľa na syntéze bielkovín,1,sa paľeido na syntéze proteínov,1,zabezpečuje vnútrobunkový transport látok,1,zabezpečuje medzibunkový transport látok,1,nepatrí k mebránovým organelám bunky,0
19,Hladká forma endoplazmatického retikula:,je bez ribozómov,1,je viditeľná na mikroskope,0,sa podieľa na syntéze lipidov,1,sa podieľa na syntéze vitamínu D,1,obsahuje predovšetkým hydrolytické enzýmy,0,má ribozómy iba na vnútornej membráne,0,sa podieľa na syntéze bielkovín,0,zabezpečuje vnútrobunkový transport niektorých látok,1
20,Lyzozómy obsahujú enzýmy:,ktoré sa zúčastňujú na lytických procesoch v bunke,1,ktoré sa zúčastňujú na vnútrobunkovom trávení,1,typu polymeráz,0,tráviace a vylučovacie,0,"ktoré upravujú látky syntetizované na riboomoch, aby mohli byť vylúčené z bunky von",0,uložené v matrix,0,hydrolitické,1,"ktoré štiepia látky cudzorodé alebo nepotrebné",1
21,Mitochondrie sú:,prítomné len v eukaryotických bunkách,1,od cytoplazmy oddelené dvojitou membránou,1,energetickým centrom bunky,1,prítomné v niektorých prokaryotických bunkách,0, metabolicko-respiračným centrom bunky,1,syntetickým centrom bunky,0,"prítomné vo väčšom počte v bunkách, kde je veľká spotreba energie",1,"bunkové organely, ktorými sa živočíšne bunky odlišujú od rastlinných",0
22,Bunkové jadro:,sa označuje ako karyon,1,sa označuje ako nucleus,1,sa skladá predovšetkým z RNA a bielkovín,0,eukaryotických buniek obsahuje kruhové chromozómy,0,"obsahuje DNA a bielkoviny, ktoré tvoria chromatín",1,má na povrchu karyolému,1,"má na povrchu plazmalému",0,má na povrchu dve biomembrány,1
23,Ribozómy:,patria k membránovým organelám bunky,0,sú mikroskopické častice,0,sú submikroskopické častice,1,nepatria k membránovým organelám bunky,1,sú viditeľné len elektrónovým mikroskopom,1,sú napojené na hladké endoplazmatické retikulum,0,sú nukleoproteínovéčastice zložené z DNA a bielkovín,0,sí nukleoproteínové častice zložené z RNA a bielkovín,1
24,"Mitochondrie sú membránové organely, ktoré:",sú od cytoplazmy oddelené jednou membránou,0,"sú od cytoplazmy oddelené dvojitou membránou",1,si sytetizujú svoje špecifické bielkoviny,1,majú v matrix molekuly DNA,1,majú v matrix enzýmový komplex pre Krebsov cyklus,1,sú vyplnené bunkovou šťavou,0,predstavujú dynamickú kostru bunky,0,majú v mitochondriálnych kristách lokalizované enzými dýchacieho reťazca,1
25,Koľko membrán majú mitochondrie:,jednu,0,dve - jednu zrnitú a jednu hladkú,0,dve,1,jednu alebo dve podľa energetických nárokov bunky,0,dve - vonkajšiu zriasenú a vnútornú hladkú,0,dve s mitochondriálnymi pórmi,0,jednu alebo dve podľa typu bunky,0,dve - jednu priepustnú a jednu polopriepustnú,0
26,Ktoré procesy sa uskutočnujú v Golgiho aparáte:,rozklad látok,0,"uprava látok, ktoré sa vylučujú z bunky",1,tvorba lyzozómov,1,tvorba pektínov na stavbu bunkových stien,1,oxidácia bielkovín,0,"syntéza hormónov, polysacharidov a nukleonových kyselín",0,bunkové oxidácie,0,tvorba inklúzií,0
27,Diktyozímy sú súčasťou:,chloroplastov,0,Golgiho aparátu,1,lyzozómov,0,endoplazmatického retikula,0,prokaryotických buniek,0,eukaryotických buniek,1,cytoskeletu,0,mitochondrií,0
28,Nukleolus:,je v cytoplazme a je zložený z RNA a bielkovín,0,je v jadre a skladá sa z DNA a bielkovín,0,je stála štruktúra jadra,0,jsa nachádza len v eukaryotických bunkách,1,je jadierko a je miestom syntézy rRNA,1,"je štruktúra, ktorá zaniká počas jadrového delenia",1,mán na povrchu karyolému,0,je uložený v cytoplazme prokaryotických buniek,0
29,Jadro eukaryotických buniek:,obsahuje chromatín,1,obsahuje centriol,0,je riadiace centrum bunky,1,je reprodukčné centrum bunky,1,je vyplnené bunkovou šťavou,0,je pohybové centrum bunky,0,je submikroskopická štruktúra,0,sa vyskytuje vo všetkých eukaryotických bunkách okrem niektorých vysokošpecializovaných buniek,1
30,"Bunkové organely, ktorých základom sú biomembrány, nazývame:",organelové štruktúry bunky,0,cytoplazmatické organely,0,membránové štruktúry bunky,1,biomembrány bunky,0,štruktúrne organely bunky,0,membránové organely bunky,1,eukaryotické organely,0,vezikuly,0
31,Medzi membránové organely nepatria:,ribozómy,1,lyzozómy,0,bakteriálne jadro,1,mitochondrie,0,centriol,1,cytoskelet,1,jadierko,1,vakuoly,0
32,Medzi membránové organely patria:,centrioly,0,centrozómy,0,ribozómy,0,chromozómy,0,Golgiho aparát,1,jadierka,0,lyzozómy,1,vakuoly,1
33,K mitotickému aparátu bunky patria:,centroméra,0,chromozómy,0,astrosféra,1,centrioly,1,pólové telieska,0,deliace vretienko,1,chromatídy,0,jedierkový organizátor,0
34,Chromozómy:,sú viditeľné len počas delenia bunky,1,sú viditeľné v interfáze,0,homologické majú rovnaký tvar a vždy rovnaké alely,0,majú centroméru v mieste druhotného zúženia,0,sú tvorené nukleoproteínovými vláknami,1,"majú ramená, ktoré sa spájajú v mieste centroméry",1,"v metafáze mitózy sú zložené z dvoch chromatíd, ktoré sú geneticky identické",1,v jadre eukaryotických buniek môžu byť aj kruhové,0
35,Obsah vody v bunkách:,je v priemere 65%,1,sa počas života organizmu nemení,0,závisí od ich prostredia,1,"závisí od orgánu, v ktorom sa nachádzajú",1,závisí od ich veku,1,ontogeneticky starších je väčší,0,ontogeneticky starších je menší,0,je v priemere 10 - 40% ich celkovej hmotnosti,0
36,Endocytóza:,je napr. pinocytóza,1,"je proces, pri ktorom dochádza k štrukturálnej prestavbe plazmatickej membrány",1,je pasívny transport látok do bunky,0,je aktívny transport látok do bunky,1,je aktívny transport látok von z bunky,0,nevyžaduje spotrebu energie,0,"sa uskutočňuje na báze difúzie a osmózy",0,je napr. fagocytóza,1
37,Rastlinná bunka v hypertonickom prostredí:,stráca vodu,1,nasáva vodu,0,sa nemení,0,podlieha plazmolýze,1,podlieha plazmoptýze,0,zväčšuje svoj objem,0,zmenšuje svoj vnútorný objem,1,stráca vodu a cytoplazmatická membrána sa oddeľuje od bunkovej steny,1
38,Zivočíšna bunka v hypotonickom prostredí:,sa zmrští,0,praská,1,podlieha plazmoptýze,1,podlieha plazmolýze,0,sa nemení,0,osmoticky nasáva vodu,1,zväčšuje svoj objem,1,stráca vodu,0
39,Zivočíšna bunka v hypertonickom prostredí:,sa zmrští,1,praská,0,stráca vodu,1,podlieha plazmolýze,0,podlieha plazmoptýze,0,aktívne transportuje molekuly vody von z bunky,0,nasáva vodu z prostredia s vyššou koncentráciou osmoticky aktívnych častíc,0,zmenšuje svoj objem,1
40,"Difúzia a osmóza majú spoločné to, že:",,0,,0,,1,,0,,0,,1,,1,,1
41,,,,,,,,,,,,,,,,,
42,,,,,,,,,,,,,,,,,
43,,,,,,,,,,,,,,,,,
44,,,,,,,,,,,,,,,,,
45,,,,,,,,,,,,,,,,,
46,,,,,,,,,,,,,,,,,
47,,,,,,,,,,,,,,,,,
48,,,,,,,,,,,,,,,,,
49,,,,,,,,,,,,,,,,,
50,,,,,,,,,,,,,,,,,
51,,,,,,,,,,,,,,,,,
52,,,,,,,,,,,,,,,,,
53,,,,,,,,,,,,,,,,,
54,,,,,,,,,,,,,,,,,
55,,,,,,,,,,,,,,,,,
56,,,,,,,,,,,,,,,,,
57,,,,,,,,,,,,,,,,,
58,,,,,,,,,,,,,,,,,
59,,,,,,,,,,,,,,,,,
60,,,,,,,,,,,,,,,,,
61,,,,,,,,,,,,,,,,,
62,,,,,,,,,,,,,,,,,
63,,,,,,,,,,,,,,,,,
64,,,,,,,,,,,,,,,,,
65,,,,,,,,,,,,,,,,,
66,,,,,,,,,,,,,,,,,
67,,,,,,,,,,,,,,,,,
68,,,,,,,,,,,,,,,,,
69,,,,,,,,,,,,,,,,,
70,,,,,,,,,,,,,,,,,
71,,,,,,,,,,,,,,,,,
72,,,,,,,,,,,,,,,,,
73,,,,,,,,,,,,,,,,,
74,,,,,,,,,,,,,,,,,
75,,,,,,,,,,,,,,,,,
76,,,,,,,,,,,,,,,,,
77,,,,,,,,,,,,,,,,,
78,,,,,,,,,,,,,,,,,
79,,,,,,,,,,,,,,,,,
80,,,,,,,,,,,,,,,,,
81,,,,,,,,,,,,,,,,,
82,,,,,,,,,,,,,,,,,
83,,,,,,,,,,,,,,,,,
84,,,,,,,,,,,,,,,,,
85,,,,,,,,,,,,,,,,,
86,,,,,,,,,,,,,,,,,
87,,,,,,,,,,,,,,,,,
88,,,,,,,,,,,,,,,,,
89,,,,,,,,,,,,,,,,,
90,,,,,,,,,,,,,,,,,
91,,,,,,,,,,,,,,,,,
92,,,,,,,,,,,,,,,,,
93,,,,,,,,,,,,,,,,,
94,,,,,,,,,,,,,,,,,
95,,,,,,,,,,,,,,,,,
96,,,,,,,,,,,,,,,,,
97,,,,,,,,,,,,,,,,,
98,,,,,,,,,,,,,,,,,
99,,,,,,,,,,,,,,,,,
100,,,,,,,,,,,,,,,,,
101,,,,,,,,,,,,,,,,,
102,,,,,,,,,,,,,,,,,
103,,,,,,,,,,,,,,,,,
104,,,,,,,,,,,,,,,,,
105,,,,,,,,,,,,,,,,,
106,,,,,,,,,,,,,,,,,
107,,,,,,,,,,,,,,,,,
108,,,,,,,,,,,,,,,,,
109,,,,,,,,,,,,,,,,,
110,,,,,,,,,,,,,,,,,
111,,,,,,,,,,,,,,,,,
112,,,,,,,,,,,,,,,,,
113,,,,,,,,,,,,,,,,,
114,,,,,,,,,,,,,,,,,
115,,,,,,,,,,,,,,,,,
116,,,,,,,,,,,,,,,,,
117,,,,,,,,,,,,,,,,,
118,,,,,,,,,,,,,,,,,
119,,,,,,,,,,,,,,,,,
120,,,,,,,,,,,,,,,,,
121,,,,,,,,,,,,,,,,,
122,,,,,,,,,,,,,,,,,
123,,,,,,,,,,,,,,,,,
124,,,,,,,,,,,,,,,,,
125,,,,,,,,,,,,,,,,,
126,,,,,,,,,,,,,,,,,
127,,,,,,,,,,,,,,,,,
128,,,,,,,,,,,,,,,,,
129,,,,,,,,,,,,,,,,,
130,,,,,,,,,,,,,,,,,
131,,,,,,,,,,,,,,,,,
132,,,,,,,,,,,,,,,,,
133,,,,,,,,,,,,,,,,,
134,,,,,,,,,,,,,,,,,
135,,,,,,,,,,,,,,,,,
136,,,,,,,,,,,,,,,,,
137,,,,,,,,,,,,,,,,,
138,,,,,,,,,,,,,,,,,
139,,,,,,,,,,,,,,,,,
140,,,,,,,,,,,,,,,,,
141,,,,,,,,,,,,,,,,,
142,,,,,,,,,,,,,,,,,
143,,,,,,,,,,,,,,,,,
144,,,,,,,,,,,,,,,,,
145,,,,,,,,,,,,,,,,,
146,,,,,,,,,,,,,,,,,
147,,,,,,,,,,,,,,,,,
148,,,,,,,,,,,,,,,,,
149,,,,,,,,,,,,,,,,,
150,,,,,,,,,,,,,,,,,
151,,,,,,,,,,,,,,,,,
152,,,,,,,,,,,,,,,,,
153,,,,,,,,,,,,,,,,,
154,,,,,,,,,,,,,,,,,
155,,,,,,,,,,,,,,,,,
156,,,,,,,,,,,,,,,,,
157,,,,,,,,,,,,,,,,,
158,,,,,,,,,,,,,,,,,
159,,,,,,,,,,,,,,,,,
160,,,,,,,,,,,,,,,,,
161,,,,,,,,,,,,,,,,,
162,,,,,,,,,,,,,,,,,
163,,,,,,,,,,,,,,,,,
164,,,,,,,,,,,,,,,,,
165,,,,,,,,,,,,,,,,,
166,,,,,,,,,,,,,,,,,
167,,,,,,,,,,,,,,,,,
168,,,,,,,,,,,,,,,,,
169,,,,,,,,,,,,,,,,,
170,,,,,,,,,,,,,,,,,
171,,,,,,,,,,,,,,,,,
172,,,,,,,,,,,,,,,,,
173,,,,,,,,,,,,,,,,,
174,,,,,,,,,,,,,,,,,
175,,,,,,,,,,,,,,,,,
176,,,,,,,,,,,,,,,,,
177,,,,,,,,,,,,,,,,,
178,,,,,,,,,,,,,,,,,
179,,,,,,,,,,,,,,,,,
180,,,,,,,,,,,,,,,,,
181,,,,,,,,,,,,,,,,,
182,,,,,,,,,,,,,,,,,
183,,,,,,,,,,,,,,,,,
184,,,,,,,,,,,,,,,,,
185,,,,,,,,,,,,,,,,,
186,,,,,,,,,,,,,,,,,
187,,,,,,,,,,,,,,,,,
188,,,,,,,,,,,,,,,,,
189,,,,,,,,,,,,,,,,,
190,,,,,,,,,,,,,,,,,
191,,,,,,,,,,,,,,,,,
192,,,,,,,,,,,,,,,,,
193,,,,,,,,,,,,,,,,,
194,,,,,,,,,,,,,,,,,
195,,,,,,,,,,,,,,,,,
196,,,,,,,,,,,,,,,,,
197,,,,,,,,,,,,,,,,,
198,,,,,,,,,,,,,,,,,
199,,,,,,,,,,,,,,,,,
200,,,,,,,,,,,,,,,,,
201,,,,,,,,,,,,,,,,,
202,,,,,,,,,,,,,,,,,
203,,,,,,,,,,,,,,,,,
204,,,,,,,,,,,,,,,,,
205,,,,,,,,,,,,,,,,,
206,,,,,,,,,,,,,,,,,
207,,,,,,,,,,,,,,,,,
208,,,,,,,,,,,,,,,,,
209,,,,,,,,,,,,,,,,,
210,,,,,,,,,,,,,,,,,
211,,,,,,,,,,,,,,,,,
212,,,,,,,,,,,,,,,,,
213,,,,,,,,,,,,,,,,,
214,,,,,,,,,,,,,,,,,
215,,,,,,,,,,,,,,,,,
216,,,,,,,,,,,,,,,,,
217,,,,,,,,,,,,,,,,,
218,,,,,,,,,,,,,,,,,
219,,,,,,,,,,,,,,,,,
220,,,,,,,,,,,,,,,,,
221,,,,,,,,,,,,,,,,,
222,,,,,,,,,,,,,,,,,
223,,,,,,,,,,,,,,,,,
224,,,,,,,,,,,,,,,,,
225,,,,,,,,,,,,,,,,,
226,,,,,,,,,,,,,,,,,
227,,,,,,,,,,,,,,,,,
228,,,,,,,,,,,,,,,,,
229,,,,,,,,,,,,,,,,,
230,,,,,,,,,,,,,,,,,
231,,,,,,,,,,,,,,,,,
232,,,,,,,,,,,,,,,,,
233,,,,,,,,,,,,,,,,,
234,,,,,,,,,,,,,,,,,
235,,,,,,,,,,,,,,,,,
236,,,,,,,,,,,,,,,,,
237,,,,,,,,,,,,,,,,,
238,,,,,,,,,,,,,,,,,
239,,,,,,,,,,,,,,,,,
240,,,,,,,,,,,,,,,,,
241,,,,,,,,,,,,,,,,,
242,,,,,,,,,,,,,,,,,
243,,,,,,,,,,,,,,,,,
244,,,,,,,,,,,,,,,,,
245,,,,,,,,,,,,,,,,,
246,,,,,,,,,,,,,,,,,
247,,,,,,,,,,,,,,,,,
248,,,,,,,,,,,,,,,,,
249,,,,,,,,,,,,,,,,,
250,,,,,,,,,,,,,,,,,
251,,,,,,,,,,,,,,,,,
252,,,,,,,,,,,,,,,,,
253,,,,,,,,,,,,,,,,,
254,,,,,,,,,,,,,,,,,
255,,,,,,,,,,,,,,,,,
256,,,,,,,,,,,,,,,,,
257,,,,,,,,,,,,,,,,,
258,,,,,,,,,,,,,,,,,
259,,,,,,,,,,,,,,,,,
260,,,,,,,,,,,,,,,,,
261,,,,,,,,,,,,,,,,,
262,,,,,,,,,,,,,,,,,
263,,,,,,,,,,,,,,,,,
264,,,,,,,,,,,,,,,,,
265,,,,,,,,,,,,,,,,,
266,,,,,,,,,,,,,,,,,
267,,,,,,,,,,,,,,,,,
268,,,,,,,,,,,,,,,,,
269,,,,,,,,,,,,,,,,,
270,,,,,,,,,,,,,,,,,
271,,,,,,,,,,,,,,,,,
272,,,,,,,,,,,,,,,,,
273,,,,,,,,,,,,,,,,,
274,,,,,,,,,,,,,,,,,
275,,,,,,,,,,,,,,,,,
276,,,,,,,,,,,,,,,,,
277,,,,,,,,,,,,,,,,,
278,,,,,,,,,,,,,,,,,
279,,,,,,,,,,,,,,,,,
280,,,,,,,,,,,,,,,,,
281,,,,,,,,,,,,,,,,,
282,,,,,,,,,,,,,,,,,
283,,,,,,,,,,,,,,,,,
284,,,,,,,,,,,,,,,,,
285,,,,,,,,,,,,,,,,,
286,,,,,,,,,,,,,,,,,
287,,,,,,,,,,,,,,,,,
288,,,,,,,,,,,,,,,,,
289,,,,,,,,,,,,,,,,,
290,,,,,,,,,,,,,,,,,
291,,,,,,,,,,,,,,,,,
292,,,,,,,,,,,,,,,,,
293,,,,,,,,,,,,,,,,,
294,,,,,,,,,,,,,,,,,
295,,,,,,,,,,,,,,,,,
296,,,,,,,,,,,,,,,,,
297,,,,,,,,,,,,,,,,,
298,,,,,,,,,,,,,,,,,
299,,,,,,,,,,,,,,,,,
300,,,,,,,,,,,,,,,,,
301,,,,,,,,,,,,,,,,,
302,,,,,,,,,,,,,,,,,
303,,,,,,,,,,,,,,,,,
304,,,,,,,,,,,,,,,,,
305,,,,,,,,,,,,,,,,,
306,,,,,,,,,,,,,,,,,
307,,,,,,,,,,,,,,,,,
308,,,,,,,,,,,,,,,,,
309,,,,,,,,,,,,,,,,,
310,,,,,,,,,,,,,,,,,
311,,,,,,,,,,,,,,,,,
312,,,,,,,,,,,,,,,,,
313,,,,,,,,,,,,,,,,,
314,,,,,,,,,,,,,,,,,
315,,,,,,,,,,,,,,,,,
316,,,,,,,,,,,,,,,,,
317,,,,,,,,,,,,,,,,,
318,,,,,,,,,,,,,,,,,
319,,,,,,,,,,,,,,,,,
320,,,,,,,,,,,,,,,,,
321,,,,,,,,,,,,,,,,,
322,,,,,,,,,,,,,,,,,
323,,,,,,,,,,,,,,,,,
324,,,,,,,,,,,,,,,,,
325,,,,,,,,,,,,,,,,,
326,,,,,,,,,,,,,,,,,
327,,,,,,,,,,,,,,,,,
328,,,,,,,,,,,,,,,,,
329,,,,,,,,,,,,,,,,,
330,,,,,,,,,,,,,,,,,
331,,,,,,,,,,,,,,,,,
332,,,,,,,,,,,,,,,,,
333,,,,,,,,,,,,,,,,,
334,,,,,,,,,,,,,,,,,
335,,,,,,,,,,,,,,,,,
336,,,,,,,,,,,,,,,,,
337,,,,,,,,,,,,,,,,,
338,,,,,,,,,,,,,,,,,
339,,,,,,,,,,,,,,,,,
340,,,,,,,,,,,,,,,,,
341,,,,,,,,,,,,,,,,,
342,,,,,,,,,,,,,,,,,
343,,,,,,,,,,,,,,,,,
344,,,,,,,,,,,,,,,,,
345,,,,,,,,,,,,,,,,,
346,,,,,,,,,,,,,,,,,
347,,,,,,,,,,,,,,,,,
348,,,,,,,,,,,,,,,,,
349,,,,,,,,,,,,,,,,,
350,,,,,,,,,,,,,,,,,
351,,,,,,,,,,,,,,,,,
352,,,,,,,,,,,,,,,,,
353,,,,,,,,,,,,,,,,,
354,,,,,,,,,,,,,,,,,
355,,,,,,,,,,,,,,,,,
356,,,,,,,,,,,,,,,,,
357,,,,,,,,,,,,,,,,,
358,,,,,,,,,,,,,,,,,
359,,,,,,,,,,,,,,,,,
360,,,,,,,,,,,,,,,,,
361,,,,,,,,,,,,,,,,,
362,,,,,,,,,,,,,,,,,
363,,,,,,,,,,,,,,,,,
364,,,,,,,,,,,,,,,,,
365,,,,,,,,,,,,,,,,,
366,,,,,,,,,,,,,,,,,
367,,,,,,,,,,,,,,,,,
368,,,,,,,,,,,,,,,,,
369,,,,,,,,,,,,,,,,,
370,,,,,,,,,,,,,,,,,
371,,,,,,,,,,,,,,,,,
372,,,,,,,,,,,,,,,,,
373,,,,,,,,,,,,,,,,,
374,,,,,,,,,,,,,,,,,
375,,,,,,,,,,,,,,,,,
376,,,,,,,,,,,,,,,,,
377,,,,,,,,,,,,,,,,,
378,,,,,,,,,,,,,,,,,
379,,,,,,,,,,,,,,,,,
380,,,,,,,,,,,,,,,,,
381,,,,,,,,,,,,,,,,,
382,,,,,,,,,,,,,,,,,
383,,,,,,,,,,,,,,,,,
384,,,,,,,,,,,,,,,,,
385,,,,,,,,,,,,,,,,,
386,,,,,,,,,,,,,,,,,
387,,,,,,,,,,,,,,,,,
388,,,,,,,,,,,,,,,,,
389,,,,,,,,,,,,,,,,,
390,,,,,,,,,,,,,,,,,
391,,,,,,,,,,,,,,,,,
392,,,,,,,,,,,,,,,,,
393,,,,,,,,,,,,,,,,,
394,,,,,,,,,,,,,,,,,
395,,,,,,,,,,,,,,,,,
396,,,,,,,,,,,,,,,,,
397,,,,,,,,,,,,,,,,,
398,,,,,,,,,,,,,,,,,
399,,,,,,,,,,,,,,,,,
400,,,,,,,,,,,,,,,,,
401,,,,,,,,,,,,,,,,,
402,,,,,,,,,,,,,,,,,
403,,,,,,,,,,,,,,,,,
404,,,,,,,,,,,,,,,,,
405,,,,,,,,,,,,,,,,,
406,,,,,,,,,,,,,,,,,
407,,,,,,,,,,,,,,,,,
408,,,,,,,,,,,,,,,,,
409,,,,,,,,,,,,,,,,,
410,,,,,,,,,,,,,,,,,
411,,,,,,,,,,,,,,,,,
412,,,,,,,,,,,,,,,,,
413,,,,,,,,,,,,,,,,,
414,,,,,,,,,,,,,,,,,
415,,,,,,,,,,,,,,,,,
416,,,,,,,,,,,,,,,,,
417,,,,,,,,,,,,,,,,,
418,,,,,,,,,,,,,,,,,
419,,,,,,,,,,,,,,,,,
420,,,,,,,,,,,,,,,,,
421,,,,,,,,,,,,,,,,,
422,,,,,,,,,,,,,,,,,
423,,,,,,,,,,,,,,,,,
424,,,,,,,,,,,,,,,,,
425,,,,,,,,,,,,,,,,,
426,,,,,,,,,,,,,,,,,
427,,,,,,,,,,,,,,,,,
428,,,,,,,,,,,,,,,,,
429,,,,,,,,,,,,,,,,,
430,,,,,,,,,,,,,,,,,
431,,,,,,,,,,,,,,,,,
432,,,,,,,,,,,,,,,,,
433,,,,,,,,,,,,,,,,,
434,,,,,,,,,,,,,,,,,
435,,,,,,,,,,,,,,,,,
436,,,,,,,,,,,,,,,,,
437,,,,,,,,,,,,,,,,,
438,,,,,,,,,,,,,,,,,
439,,,,,,,,,,,,,,,,,
440,,,,,,,,,,,,,,,,,
441,,,,,,,,,,,,,,,,,
442,,,,,,,,,,,,,,,,,
443,,,,,,,,,,,,,,,,,
444,,,,,,,,,,,,,,,,,
445,,,,,,,,,,,,,,,,,
446,,,,,,,,,,,,,,,,,
447,,,,,,,,,,,,,,,,,
448,,,,,,,,,,,,,,,,,
449,,,,,,,,,,,,,,,,,
450,,,,,,,,,,,,,,,,,
451,,,,,,,,,,,,,,,,,
452,,,,,,,,,,,,,,,,,
453,,,,,,,,,,,,,,,,,
454,,,,,,,,,,,,,,,,,
455,,,,,,,,,,,,,,,,,
456,,,,,,,,,,,,,,,,,
457,,,,,,,,,,,,,,,,,
458,,,,,,,,,,,,,,,,,
459,,,,,,,,,,,,,,,,,
460,,,,,,,,,,,,,,,,,
461,,,,,,,,,,,,,,,,,
462,,,,,,,,,,,,,,,,,
463,,,,,,,,,,,,,,,,,
464,,,,,,,,,,,,,,,,,
465,,,,,,,,,,,,,,,,,
466,,,,,,,,,,,,,,,,,
467,,,,,,,,,,,,,,,,,
468,,,,,,,,,,,,,,,,,
469,,,,,,,,,,,,,,,,,
470,,,,,,,,,,,,,,,,,
471,,,,,,,,,,,,,,,,,
472,,,,,,,,,,,,,,,,,
473,,,,,,,,,,,,,,,,,
474,,,,,,,,,,,,,,,,,
475,,,,,,,,,,,,,,,,,
476,,,,,,,,,,,,,,,,,
477,,,,,,,,,,,,,,,,,
478,,,,,,,,,,,,,,,,,
479,,,,,,,,,,,,,,,,,
480,,,,,,,,,,,,,,,,,
481,,,,,,,,,,,,,,,,,
482,,,,,,,,,,,,,,,,,
483,,,,,,,,,,,,,,,,,
484,,,,,,,,,,,,,,,,,
485,,,,,,,,,,,,,,,,,
486,,,,,,,,,,,,,,,,,
487,,,,,,,,,,,,,,,,,
488,,,,,,,,,,,,,,,,,
489,,,,,,,,,,,,,,,,,
490,,,,,,,,,,,,,,,,,
491,,,,,,,,,,,,,,,,,
492,,,,,,,,,,,,,,,,,
493,,,,,,,,,,,,,,,,,
494,,,,,,,,,,,,,,,,,
495,,,,,,,,,,,,,,,,,
496,,,,,,,,,,,,,,,,,
497,,,,,,,,,,,,,,,,,
498,,,,,,,,,,,,,,,,,
499,,,,,,,,,,,,,,,,,
500,,,,,,,,,,,,,,,,,
501,,,,,,,,,,,,,,,,,
502,,,,,,,,,,,,,,,,,
503,,,,,,,,,,,,,,,,,
504,,,,,,,,,,,,,,,,,
505,,,,,,,,,,,,,,,,,
506,,,,,,,,,,,,,,,,,
507,,,,,,,,,,,,,,,,,
508,,,,,,,,,,,,,,,,,
509,,,,,,,,,,,,,,,,,
510,,,,,,,,,,,,,,,,,
511,,,,,,,,,,,,,,,,,
512,,,,,,,,,,,,,,,,,
513,,,,,,,,,,,,,,,,,
514,,,,,,,,,,,,,,,,,
515,,,,,,,,,,,,,,,,,
516,,,,,,,,,,,,,,,,,
517,,,,,,,,,,,,,,,,,
518,,,,,,,,,,,,,,,,,
519,,,,,,,,,,,,,,,,,
520,,,,,,,,,,,,,,,,,
521,,,,,,,,,,,,,,,,,
522,,,,,,,,,,,,,,,,,
523,,,,,,,,,,,,,,,,,
524,,,,,,,,,,,,,,,,,
525,,,,,,,,,,,,,,,,,
526,,,,,,,,,,,,,,,,,
527,,,,,,,,,,,,,,,,,
528,,,,,,,,,,,,,,,,,
529,,,,,,,,,,,,,,,,,
530,,,,,,,,,,,,,,,,,
531,,,,,,,,,,,,,,,,,
532,,,,,,,,,,,,,,,,,
533,,,,,,,,,,,,,,,,,
534,,,,,,,,,,,,,,,,,
535,,,,,,,,,,,,,,,,,
536,,,,,,,,,,,,,,,,,
537,,,,,,,,,,,,,,,,,
538,,,,,,,,,,,,,,,,,
539,,,,,,,,,,,,,,,,,
540,,,,,,,,,,,,,,,,,
541,,,,,,,,,,,,,,,,,
542,,,,,,,,,,,,,,,,,
543,,,,,,,,,,,,,,,,,
544,,,,,,,,,,,,,,,,,
545,,,,,,,,,,,,,,,,,
546,,,,,,,,,,,,,,,,,
547,,,,,,,,,,,,,,,,,
548,,,,,,,,,,,,,,,,,
549,,,,,,,,,,,,,,,,,
550,,,,,,,,,,,,,,,,,
551,,,,,,,,,,,,,,,,,
552,,,,,,,,,,,,,,,,,
553,,,,,,,,,,,,,,,,,
554,,,,,,,,,,,,,,,,,
555,,,,,,,,,,,,,,,,,
556,,,,,,,,,,,,,,,,,
557,,,,,,,,,,,,,,,,,
558,,,,,,,,,,,,,,,,,
559,,,,,,,,,,,,,,,,,
560,,,,,,,,,,,,,,,,,
561,,,,,,,,,,,,,,,,,
562,,,,,,,,,,,,,,,,,
563,,,,,,,,,,,,,,,,,
564,,,,,,,,,,,,,,,,,
565,,,,,,,,,,,,,,,,,
566,,,,,,,,,,,,,,,,,
567,,,,,,,,,,,,,,,,,
568,,,,,,,,,,,,,,,,,
569,,,,,,,,,,,,,,,,,
570,,,,,,,,,,,,,,,,,
571,,,,,,,,,,,,,,,,,
572,,,,,,,,,,,,,,,,,
573,,,,,,,,,,,,,,,,,
574,,,,,,,,,,,,,,,,,
575,,,,,,,,,,,,,,,,,
576,,,,,,,,,,,,,,,,,
577,,,,,,,,,,,,,,,,,
578,,,,,,,,,,,,,,,,,
579,,,,,,,,,,,,,,,,,
580,,,,,,,,,,,,,,,,,
581,,,,,,,,,,,,,,,,,
582,,,,,,,,,,,,,,,,,
583,,,,,,,,,,,,,,,,,
584,,,,,,,,,,,,,,,,,
585,,,,,,,,,,,,,,,,,
586,,,,,,,,,,,,,,,,,
587,,,,,,,,,,,,,,,,,
588,,,,,,,,,,,,,,,,,
589,,,,,,,,,,,,,,,,,
590,,,,,,,,,,,,,,,,,
591,,,,,,,,,,,,,,,,,
592,,,,,,,,,,,,,,,,,
593,,,,,,,,,,,,,,,,,
594,,,,,,,,,,,,,,,,,
595,,,,,,,,,,,,,,,,,
596,,,,,,,,,,,,,,,,,
597,,,,,,,,,,,,,,,,,
598,,,,,,,,,,,,,,,,,
599,,,,,,,,,,,,,,,,,
600,,,,,,,,,,,,,,,,,
601,,,,,,,,,,,,,,,,,
602,,,,,,,,,,,,,,,,,
603,,,,,,,,,,,,,,,,,
604,,,,,,,,,,,,,,,,,
605,,,,,,,,,,,,,,,,,
606,,,,,,,,,,,,,,,,,
607,,,,,,,,,,,,,,,,,
608,,,,,,,,,,,,,,,,,
609,,,,,,,,,,,,,,,,,
610,,,,,,,,,,,,,,,,,
611,,,,,,,,,,,,,,,,,
612,,,,,,,,,,,,,,,,,
613,,,,,,,,,,,,,,,,,
614,,,,,,,,,,,,,,,,,
615,,,,,,,,,,,,,,,,,
616,,,,,,,,,,,,,,,,,
617,,,,,,,,,,,,,,,,,
618,,,,,,,,,,,,,,,,,
619,,,,,,,,,,,,,,,,,
620,,,,,,,,,,,,,,,,,
621,,,,,,,,,,,,,,,,,
622,,,,,,,,,,,,,,,,,
623,,,,,,,,,,,,,,,,,
624,,,,,,,,,,,,,,,,,
625,,,,,,,,,,,,,,,,,
626,,,,,,,,,,,,,,,,,
627,,,,,,,,,,,,,,,,,
628,,,,,,,,,,,,,,,,,
629,,,,,,,,,,,,,,,,,
630,,,,,,,,,,,,,,,,,
631,,,,,,,,,,,,,,,,,
632,,,,,,,,,,,,,,,,,
633,,,,,,,,,,,,,,,,,
634,,,,,,,,,,,,,,,,,
635,,,,,,,,,,,,,,,,,
636,,,,,,,,,,,,,,,,,
637,,,,,,,,,,,,,,,,,
638,,,,,,,,,,,,,,,,,
639,,,,,,,,,,,,,,,,,
640,,,,,,,,,,,,,,,,,
641,,,,,,,,,,,,,,,,,
642,,,,,,,,,,,,,,,,,
643,,,,,,,,,,,,,,,,,
644,,,,,,,,,,,,,,,,,
645,,,,,,,,,,,,,,,,,
646,,,,,,,,,,,,,,,,,
647,,,,,,,,,,,,,,,,,
648,,,,,,,,,,,,,,,,,
649,,,,,,,,,,,,,,,,,
650,,,,,,,,,,,,,,,,,
651,,,,,,,,,,,,,,,,,
652,,,,,,,,,,,,,,,,,
653,,,,,,,,,,,,,,,,,
654,,,,,,,,,,,,,,,,,
655,,,,,,,,,,,,,,,,,
656,,,,,,,,,,,,,,,,,
657,,,,,,,,,,,,,,,,,
658,,,,,,,,,,,,,,,,,
659,,,,,,,,,,,,,,,,,
660,,,,,,,,,,,,,,,,,
661,,,,,,,,,,,,,,,,,
662,,,,,,,,,,,,,,,,,
663,,,,,,,,,,,,,,,,,
664,,,,,,,,,,,,,,,,,
665,,,,,,,,,,,,,,,,,
666,,,,,,,,,,,,,,,,,
667,,,,,,,,,,,,,,,,,
668,,,,,,,,,,,,,,,,,
669,,,,,,,,,,,,,,,,,
670,,,,,,,,,,,,,,,,,
671,,,,,,,,,,,,,,,,,
672,,,,,,,,,,,,,,,,,
673,,,,,,,,,,,,,,,,,
674,,,,,,,,,,,,,,,,,
675,,,,,,,,,,,,,,,,,
676,,,,,,,,,,,,,,,,,
677,,,,,,,,,,,,,,,,,
678,,,,,,,,,,,,,,,,,
679,,,,,,,,,,,,,,,,,
680,,,,,,,,,,,,,,,,,
681,,,,,,,,,,,,,,,,,
682,,,,,,,,,,,,,,,,,
683,,,,,,,,,,,,,,,,,
684,,,,,,,,,,,,,,,,,
685,,,,,,,,,,,,,,,,,
686,,,,,,,,,,,,,,,,,
687,,,,,,,,,,,,,,,,,
688,,,,,,,,,,,,,,,,,
689,,,,,,,,,,,,,,,,,
690,,,,,,,,,,,,,,,,,
691,,,,,,,,,,,,,,,,,
692,,,,,,,,,,,,,,,,,
693,,,,,,,,,,,,,,,,,
694,,,,,,,,,,,,,,,,,
695,,,,,,,,,,,,,,,,,
696,,,,,,,,,,,,,,,,,
697,,,,,,,,,,,,,,,,,
698,,,,,,,,,,,,,,,,,
699,,,,,,,,,,,,,,,,,
700,,,,,,,,,,,,,,,,,
701,,,,,,,,,,,,,,,,,
702,,,,,,,,,,,,,,,,,
703,,,,,,,,,,,,,,,,,
704,,,,,,,,,,,,,,,,,
705,,,,,,,,,,,,,,,,,
706,,,,,,,,,,,,,,,,,
707,,,,,,,,,,,,,,,,,
708,,,,,,,,,,,,,,,,,
709,,,,,,,,,,,,,,,,,
710,,,,,,,,,,,,,,,,,
711,,,,,,,,,,,,,,,,,
712,,,,,,,,,,,,,,,,,
713,,,,,,,,,,,,,,,,,
714,,,,,,,,,,,,,,,,,
715,,,,,,,,,,,,,,,,,
716,,,,,,,,,,,,,,,,,
717,,,,,,,,,,,,,,,,,
718,,,,,,,,,,,,,,,,,
719,,,,,,,,,,,,,,,,,
720,,,,,,,,,,,,,,,,,
721,,,,,,,,,,,,,,,,,
722,,,,,,,,,,,,,,,,,
723,,,,,,,,,,,,,,,,,
724,,,,,,,,,,,,,,,,,
725,,,,,,,,,,,,,,,,,
726,,,,,,,,,,,,,,,,,
727,,,,,,,,,,,,,,,,,
728,,,,,,,,,,,,,,,,,
729,,,,,,,,,,,,,,,,,
730,,,,,,,,,,,,,,,,,
731,,,,,,,,,,,,,,,,,
732,,,,,,,,,,,,,,,,,
733,,,,,,,,,,,,,,,,,
734,,,,,,,,,,,,,,,,,
735,,,,,,,,,,,,,,,,,
736,,,,,,,,,,,,,,,,,
737,,,,,,,,,,,,,,,,,
738,,,,,,,,,,,,,,,,,
739,,,,,,,,,,,,,,,,,
740,,,,,,,,,,,,,,,,,
741,,,,,,,,,,,,,,,,,
742,,,,,,,,,,,,,,,,,
743,,,,,,,,,,,,,,,,,
744,,,,,,,,,,,,,,,,,
745,,,,,,,,,,,,,,,,,
746,,,,,,,,,,,,,,,,,
747,,,,,,,,,,,,,,,,,
748,,,,,,,,,,,,,,,,,
749,,,,,,,,,,,,,,,,,
750,,,,,,,,,,,,,,,,,
751,,,,,,,,,,,,,,,,,
752,,,,,,,,,,,,,,,,,
753,,,,,,,,,,,,,,,,,
754,,,,,,,,,,,,,,,,,
755,,,,,,,,,,,,,,,,,
756,,,,,,,,,,,,,,,,,
757,,,,,,,,,,,,,,,,,
758,,,,,,,,,,,,,,,,,
759,,,,,,,,,,,,,,,,,
760,,,,,,,,,,,,,,,,,
761,,,,,,,,,,,,,,,,,
762,,,,,,,,,,,,,,,,,
763,,,,,,,,,,,,,,,,,
764,,,,,,,,,,,,,,,,,
765,,,,,,,,,,,,,,,,,
766,,,,,,,,,,,,,,,,,
767,,,,,,,,,,,,,,,,,
768,,,,,,,,,,,,,,,,,
769,,,,,,,,,,,,,,,,,
770,,,,,,,,,,,,,,,,,
771,,,,,,,,,,,,,,,,,
772,,,,,,,,,,,,,,,,,
773,,,,,,,,,,,,,,,,,
774,,,,,,,,,,,,,,,,,
775,,,,,,,,,,,,,,,,,
776,,,,,,,,,,,,,,,,,
777,,,,,,,,,,,,,,,,,
778,,,,,,,,,,,,,,,,,
779,,,,,,,,,,,,,,,,,
780,,,,,,,,,,,,,,,,,
781,,,,,,,,,,,,,,,,,
782,,,,,,,,,,,,,,,,,
783,,,,,,,,,,,,,,,,,
784,,,,,,,,,,,,,,,,,
785,,,,,,,,,,,,,,,,,
786,,,,,,,,,,,,,,,,,
787,,,,,,,,,,,,,,,,,
788,,,,,,,,,,,,,,,,,
789,,,,,,,,,,,,,,,,,
790,,,,,,,,,,,,,,,,,
791,,,,,,,,,,,,,,,,,
792,,,,,,,,,,,,,,,,,
793,,,,,,,,,,,,,,,,,
794,,,,,,,,,,,,,,,,,
795,,,,,,,,,,,,,,,,,
796,,,,,,,,,,,,,,,,,
797,,,,,,,,,,,,,,,,,
798,,,,,,,,,,,,,,,,,
799,,,,,,,,,,,,,,,,,
800,,,,,,,,,,,,,,,,,
801,,,,,,,,,,,,,,,,,
802,,,,,,,,,,,,,,,,,
803,,,,,,,,,,,,,,,,,
804,,,,,,,,,,,,,,,,,
805,,,,,,,,,,,,,,,,,
806,,,,,,,,,,,,,,,,,
807,,,,,,,,,,,,,,,,,
808,,,,,,,,,,,,,,,,,
809,,,,,,,,,,,,,,,,,
810,,,,,,,,,,,,,,,,,
811,,,,,,,,,,,,,,,,,
812,,,,,,,,,,,,,,,,,
813,,,,,,,,,,,,,,,,,
814,,,,,,,,,,,,,,,,,
815,,,,,,,,,,,,,,,,,
816,,,,,,,,,,,,,,,,,
817,,,,,,,,,,,,,,,,,
818,,,,,,,,,,,,,,,,,
819,,,,,,,,,,,,,,,,,
820,,,,,,,,,,,,,,,,,
821,,,,,,,,,,,,,,,,,
822,,,,,,,,,,,,,,,,,
823,,,,,,,,,,,,,,,,,
824,,,,,,,,,,,,,,,,,
825,,,,,,,,,,,,,,,,,
826,,,,,,,,,,,,,,,,,
827,,,,,,,,,,,,,,,,,
828,,,,,,,,,,,,,,,,,
829,,,,,,,,,,,,,,,,,
830,,,,,,,,,,,,,,,,,
831,,,,,,,,,,,,,,,,,
832,,,,,,,,,,,,,,,,,
833,,,,,,,,,,,,,,,,,
834,,,,,,,,,,,,,,,,,
835,,,,,,,,,,,,,,,,,
836,,,,,,,,,,,,,,,,,
837,,,,,,,,,,,,,,,,,
838,,,,,,,,,,,,,,,,,
839,,,,,,,,,,,,,,,,,
840,,,,,,,,,,,,,,,,,
841,,,,,,,,,,,,,,,,,
842,,,,,,,,,,,,,,,,,
843,,,,,,,,,,,,,,,,,
844,,,,,,,,,,,,,,,,,
845,,,,,,,,,,,,,,,,,
846,,,,,,,,,,,,,,,,,
847,,,,,,,,,,,,,,,,,
848,,,,,,,,,,,,,,,,,
849,,,,,,,,,,,,,,,,,
850,,,,,,,,,,,,,,,,,
851,,,,,,,,,,,,,,,,,
852,,,,,,,,,,,,,,,,,
853,,,,,,,,,,,,,,,,,
854,,,,,,,,,,,,,,,,,
855,,,,,,,,,,,,,,,,,
856,,,,,,,,,,,,,,,,,
857,,,,,,,,,,,,,,,,,
858,,,,,,,,,,,,,,,,,
859,,,,,,,,,,,,,,,,,
860,,,,,,,,,,,,,,,,,
861,,,,,,,,,,,,,,,,,
862,,,,,,,,,,,,,,,,,
863,,,,,,,,,,,,,,,,,
864,,,,,,,,,,,,,,,,,
865,,,,,,,,,,,,,,,,,
866,,,,,,,,,,,,,,,,,
867,,,,,,,,,,,,,,,,,
868,,,,,,,,,,,,,,,,,
869,,,,,,,,,,,,,,,,,
870,,,,,,,,,,,,,,,,,
871,,,,,,,,,,,,,,,,,
872,,,,,,,,,,,,,,,,,
873,,,,,,,,,,,,,,,,,
874,,,,,,,,,,,,,,,,,
875,,,,,,,,,,,,,,,,,
876,,,,,,,,,,,,,,,,,
877,,,,,,,,,,,,,,,,,
878,,,,,,,,,,,,,,,,,
879,,,,,,,,,,,,,,,,,
880,,,,,,,,,,,,,,,,,
881,,,,,,,,,,,,,,,,,
882,,,,,,,,,,,,,,,,,
883,,,,,,,,,,,,,,,,,
884,,,,,,,,,,,,,,,,,
885,,,,,,,,,,,,,,,,,
886,,,,,,,,,,,,,,,,,
887,,,,,,,,,,,,,,,,,
888,,,,,,,,,,,,,,,,,
889,,,,,,,,,,,,,,,,,
890,,,,,,,,,,,,,,,,,
891,,,,,,,,,,,,,,,,,
892,,,,,,,,,,,,,,,,,
893,,,,,,,,,,,,,,,,,
894,,,,,,,,,,,,,,,,,
895,,,,,,,,,,,,,,,,,
896,,,,,,,,,,,,,,,,,
897,,,,,,,,,,,,,,,,,
898,,,,,,,,,,,,,,,,,
899,,,,,,,,,,,,,,,,,
900,,,,,,,,,,,,,,,,,
901,,,,,,,,,,,,,,,,,
902,,,,,,,,,,,,,,,,,
903,,,,,,,,,,,,,,,,,
904,,,,,,,,,,,,,,,,,
905,,,,,,,,,,,,,,,,,
906,,,,,,,,,,,,,,,,,
907,,,,,,,,,,,,,,,,,
908,,,,,,,,,,,,,,,,,
909,,,,,,,,,,,,,,,,,
910,,,,,,,,,,,,,,,,,
911,,,,,,,,,,,,,,,,,
912,,,,,,,,,,,,,,,,,
913,,,,,,,,,,,,,,,,,
914,,,,,,,,,,,,,,,,,
915,,,,,,,,,,,,,,,,,
916,,,,,,,,,,,,,,,,,
917,,,,,,,,,,,,,,,,,
918,,,,,,,,,,,,,,,,,
919,,,,,,,,,,,,,,,,,
920,,,,,,,,,,,,,,,,,
921,,,,,,,,,,,,,,,,,
922,,,,,,,,,,,,,,,,,
923,,,,,,,,,,,,,,,,,
924,,,,,,,,,,,,,,,,,
925,,,,,,,,,,,,,,,,,
926,,,,,,,,,,,,,,,,,
927,,,,,,,,,,,,,,,,,
928,,,,,,,,,,,,,,,,,
929,,,,,,,,,,,,,,,,,
930,,,,,,,,,,,,,,,,,
931,,,,,,,,,,,,,,,,,
932,,,,,,,,,,,,,,,,,
933,,,,,,,,,,,,,,,,,
934,,,,,,,,,,,,,,,,,
935,,,,,,,,,,,,,,,,,
936,,,,,,,,,,,,,,,,,
937,,,,,,,,,,,,,,,,,
938,,,,,,,,,,,,,,,,,
939,,,,,,,,,,,,,,,,,
940,,,,,,,,,,,,,,,,,
941,,,,,,,,,,,,,,,,,
942,,,,,,,,,,,,,,,,,
943,,,,,,,,,,,,,,,,,
944,,,,,,,,,,,,,,,,,
945,,,,,,,,,,,,,,,,,
946,,,,,,,,,,,,,,,,,
947,,,,,,,,,,,,,,,,,
948,,,,,,,,,,,,,,,,,
949,,,,,,,,,,,,,,,,,
950,,,,,,,,,,,,,,,,,
951,,,,,,,,,,,,,,,,,
952,,,,,,,,,,,,,,,,,
953,,,,,,,,,,,,,,,,,
954,,,,,,,,,,,,,,,,,
955,,,,,,,,,,,,,,,,,
956,,,,,,,,,,,,,,,,,
957,,,,,,,,,,,,,,,,,
958,,,,,,,,,,,,,,,,,
959,,,,,,,,,,,,,,,,,
960,,,,,,,,,,,,,,,,,
961,,,,,,,,,,,,,,,,,
962,,,,,,,,,,,,,,,,,
963,,,,,,,,,,,,,,,,,
964,,,,,,,,,,,,,,,,,
965,,,,,,,,,,,,,,,,,
966,,,,,,,,,,,,,,,,,
967,,,,,,,,,,,,,,,,,
968,,,,,,,,,,,,,,,,,
969,,,,,,,,,,,,,,,,,
970,,,,,,,,,,,,,,,,,
971,,,,,,,,,,,,,,,,,
972,,,,,,,,,,,,,,,,,
973,,,,,,,,,,,,,,,,,
974,,,,,,,,,,,,,,,,,
975,,,,,,,,,,,,,,,,,
976,,,,,,,,,,,,,,,,,
977,,,,,,,,,,,,,,,,,
978,,,,,,,,,,,,,,,,,
979,,,,,,,,,,,,,,,,,
980,,,,,,,,,,,,,,,,,
981,,,,,,,,,,,,,,,,,
982,,,,,,,,,,,,,,,,,
983,,,,,,,,,,,,,,,,,
984,,,,,,,,,,,,,,,,,
985,,,,,,,,,,,,,,,,,
986,,,,,,,,,,,,,,,,,
987,,,,,,,,,,,,,,,,,
988,,,,,,,,,,,,,,,,,
989,,,,,,,,,,,,,,,,,
990,,,,,,,,,,,,,,,,,
991,,,,,,,,,,,,,,,,,
992,,,,,,,,,,,,,,,,,
993,,,,,,,,,,,,,,,,,
994,,,,,,,,,,,,,,,,,
995,,,,,,,,,,,,,,,,,
996,,,,,,,,,,,,,,,,,
997,,,,,,,,,,,,,,,,,
998,,,,,,,,,,,,,,,,,
999,,,,,,,,,,,,,,,,,
1000,,,,,,,,,,,,,,,,,
1001,,,,,,,,,,,,,,,,,
1002,,,,,,,,,,,,,,,,,
1003,,,,,,,,,,,,,,,,,
1004,,,,,,,,,,,,,,,,,
1005,,,,,,,,,,,,,,,,,
1006,,,,,,,,,,,,,,,,,
1007,,,,,,,,,,,,,,,,,
1008,,,,,,,,,,,,,,,,,
1009,,,,,,,,,,,,,,,,,
1010,,,,,,,,,,,,,,,,,
1011,,,,,,,,,,,,,,,,,
1012,,,,,,,,,,,,,,,,,
1013,,,,,,,,,,,,,,,,,
1014,,,,,,,,,,,,,,,,,
1015,,,,,,,,,,,,,,,,,
1016,,,,,,,,,,,,,,,,,
1017,,,,,,,,,,,,,,,,,
1018,,,,,,,,,,,,,,,,,
1019,,,,,,,,,,,,,,,,,
1020,,,,,,,,,,,,,,,,,
1021,,,,,,,,,,,,,,,,,
1022,,,,,,,,,,,,,,,,,
1023,,,,,,,,,,,,,,,,,
1024,,,,,,,,,,,,,,,,,
1025,,,,,,,,,,,,,,,,,
1026,,,,,,,,,,,,,,,,,
1027,,,,,,,,,,,,,,,,,
1028,,,,,,,,,,,,,,,,,
1029,,,,,,,,,,,,,,,,,
1030,,,,,,,,,,,,,,,,,
1031,,,,,,,,,,,,,,,,,
1032,,,,,,,,,,,,,,,,,
1033,,,,,,,,,,,,,,,,,
1034,,,,,,,,,,,,,,,,,
1035,,,,,,,,,,,,,,,,,
1036,,,,,,,,,,,,,,,,,
1037,,,,,,,,,,,,,,,,,
1038,,,,,,,,,,,,,,,,,
1039,,,,,,,,,,,,,,,,,
1040,,,,,,,,,,,,,,,,,
1041,,,,,,,,,,,,,,,,,
1042,,,,,,,,,,,,,,,,,
1043,,,,,,,,,,,,,,,,,
1044,,,,,,,,,,,,,,,,,
1045,,,,,,,,,,,,,,,,,
1046,,,,,,,,,,,,,,,,,
1047,,,,,,,,,,,,,,,,,
1048,,,,,,,,,,,,,,,,,
1049,,,,,,,,,,,,,,,,,
1050,,,,,,,,,,,,,,,,,
1051,,,,,,,,,,,,,,,,,
1052,,,,,,,,,,,,,,,,,
1053,,,,,,,,,,,,,,,,,
1054,,,,,,,,,,,,,,,,,
1055,,,,,,,,,,,,,,,,,
1056,,,,,,,,,,,,,,,,,
1057,,,,,,,,,,,,,,,,,
1058,,,,,,,,,,,,,,,,,
1059,,,,,,,,,,,,,,,,,
1060,,,,,,,,,,,,,,,,,
1061,,,,,,,,,,,,,,,,,
1062,,,,,,,,,,,,,,,,,
1063,,,,,,,,,,,,,,,,,
1064,,,,,,,,,,,,,,,,,
1065,,,,,,,,,,,,,,,,,
1066,,,,,,,,,,,,,,,,,
1067,,,,,,,,,,,,,,,,,
1068,,,,,,,,,,,,,,,,,
1069,,,,,,,,,,,,,,,,,
1070,,,,,,,,,,,,,,,,,
1071,,,,,,,,,,,,,,,,,
1072,,,,,,,,,,,,,,,,,
1073,,,,,,,,,,,,,,,,,
1074,,,,,,,,,,,,,,,,,
1075,,,,,,,,,,,,,,,,,
1076,,,,,,,,,,,,,,,,,
1077,,,,,,,,,,,,,,,,,
1078,,,,,,,,,,,,,,,,,
1079,,,,,,,,,,,,,,,,,
1080,,,,,,,,,,,,,,,,,
1081,,,,,,,,,,,,,,,,,
1082,,,,,,,,,,,,,,,,,
1083,,,,,,,,,,,,,,,,,
1084,,,,,,,,,,,,,,,,,
1085,,,,,,,,,,,,,,,,,
1086,,,,,,,,,,,,,,,,,
1087,,,,,,,,,,,,,,,,,
1088,,,,,,,,,,,,,,,,,
1089,,,,,,,,,,,,,,,,,
1090,,,,,,,,,,,,,,,,,
1091,,,,,,,,,,,,,,,,,
1092,,,,,,,,,,,,,,,,,
1093,,,,,,,,,,,,,,,,,
1094,,,,,,,,,,,,,,,,,
1095,,,,,,,,,,,,,,,,,
1096,,,,,,,,,,,,,,,,,
1097,,,,,,,,,,,,,,,,,
1098,,,,,,,,,,,,,,,,,
1099,,,,,,,,,,,,,,,,,
1100,,,,,,,,,,,,,,,,,
1101,,,,,,,,,,,,,,,,,
1102,,,,,,,,,,,,,,,,,
1103,,,,,,,,,,,,,,,,,
1104,,,,,,,,,,,,,,,,,
1105,,,,,,,,,,,,,,,,,
1106,,,,,,,,,,,,,,,,,
1107,,,,,,,,,,,,,,,,,
1108,,,,,,,,,,,,,,,,,
1109,,,,,,,,,,,,,,,,,
1110,,,,,,,,,,,,,,,,,
1111,,,,,,,,,,,,,,,,,
1112,,,,,,,,,,,,,,,,,
1113,,,,,,,,,,,,,,,,,
1114,,,,,,,,,,,,,,,,,
1115,,,,,,,,,,,,,,,,,
1116,,,,,,,,,,,,,,,,,
1117,,,,,,,,,,,,,,,,,
1118,,,,,,,,,,,,,,,,,
1119,,,,,,,,,,,,,,,,,
1120,,,,,,,,,,,,,,,,,
1121,,,,,,,,,,,,,,,,,
1122,,,,,,,,,,,,,,,,,
1123,,,,,,,,,,,,,,,,,
1124,,,,,,,,,,,,,,,,,
1125,,,,,,,,,,,,,,,,,
1126,,,,,,,,,,,,,,,,,
1127,,,,,,,,,,,,,,,,,
1128,,,,,,,,,,,,,,,,,
1129,,,,,,,,,,,,,,,,,
1130,,,,,,,,,,,,,,,,,
1131,,,,,,,,,,,,,,,,,
1132,,,,,,,,,,,,,,,,,
1133,,,,,,,,,,,,,,,,,
1134,,,,,,,,,,,,,,,,,
1135,,,,,,,,,,,,,,,,,
1136,,,,,,,,,,,,,,,,,
1137,,,,,,,,,,,,,,,,,
1138,,,,,,,,,,,,,,,,,
1139,,,,,,,,,,,,,,,,,
1140,,,,,,,,,,,,,,,,,
1141,,,,,,,,,,,,,,,,,
1142,,,,,,,,,,,,,,,,,
1143,,,,,,,,,,,,,,,,,
1144,,,,,,,,,,,,,,,,,
1145,,,,,,,,,,,,,,,,,
1146,,,,,,,,,,,,,,,,,
1147,,,,,,,,,,,,,,,,,
1148,,,,,,,,,,,,,,,,,
1149,,,,,,,,,,,,,,,,,
1150,,,,,,,,,,,,,,,,,
1151,,,,,,,,,,,,,,,,,
1152,,,,,,,,,,,,,,,,,
1153,,,,,,,,,,,,,,,,,
1154,,,,,,,,,,,,,,,,,
1155,,,,,,,,,,,,,,,,,
1156,,,,,,,,,,,,,,,,,
1157,,,,,,,,,,,,,,,,,
1158,,,,,,,,,,,,,,,,,
1159,,,,,,,,,,,,,,,,,
1160,,,,,,,,,,,,,,,,,
1161,,,,,,,,,,,,,,,,,
1162,,,,,,,,,,,,,,,,,
1163,,,,,,,,,,,,,,,,,
1164,,,,,,,,,,,,,,,,,
1165,,,,,,,,,,,,,,,,,
1166,,,,,,,,,,,,,,,,,
1167,,,,,,,,,,,,,,,,,
1168,,,,,,,,,,,,,,,,,
1169,,,,,,,,,,,,,,,,,
1170,,,,,,,,,,,,,,,,,
1171,,,,,,,,,,,,,,,,,
1172,,,,,,,,,,,,,,,,,
1173,,,,,,,,,,,,,,,,,
1174,,,,,,,,,,,,,,,,,
1175,,,,,,,,,,,,,,,,,
1176,,,,,,,,,,,,,,,,,
1177,,,,,,,,,,,,,,,,,
1178,,,,,,,,,,,,,,,,,
1179,,,,,,,,,,,,,,,,,
1180,,,,,,,,,,,,,,,,,
1181,,,,,,,,,,,,,,,,,
1182,,,,,,,,,,,,,,,,,
1183,,,,,,,,,,,,,,,,,
1184,,,,,,,,,,,,,,,,,
1185,,,,,,,,,,,,,,,,,
1186,,,,,,,,,,,,,,,,,
1187,,,,,,,,,,,,,,,,,
1188,,,,,,,,,,,,,,,,,
1189,,,,,,,,,,,,,,,,,
1190,,,,,,,,,,,,,,,,,
1191,,,,,,,,,,,,,,,,,
1192,,,,,,,,,,,,,,,,,
1193,,,,,,,,,,,,,,,,,
1194,,,,,,,,,,,,,,,,,
1195,,,,,,,,,,,,,,,,,
1196,,,,,,,,,,,,,,,,,
1197,,,,,,,,,,,,,,,,,
1198,,,,,,,,,,,,,,,,,
1199,,,,,,,,,,,,,,,,,
1200,,,,,,,,,,,,,,,,,
1201,,,,,,,,,,,,,,,,,
1202,,,,,,,,,,,,,,,,,
1203,,,,,,,,,,,,,,,,,
1204,,,,,,,,,,,,,,,,,
1205,,,,,,,,,,,,,,,,,
1206,,,,,,,,,,,,,,,,,
1207,,,,,,,,,,,,,,,,,
1208,,,,,,,,,,,,,,,,,
1209,,,,,,,,,,,,,,,,,
1210,,,,,,,,,,,,,,,,,
1211,,,,,,,,,,,,,,,,,
1212,,,,,,,,,,,,,,,,,
1213,,,,,,,,,,,,,,,,,
1214,,,,,,,,,,,,,,,,,
1215,,,,,,,,,,,,,,,,,
1216,,,,,,,,,,,,,,,,,
1217,,,,,,,,,,,,,,,,,
1218,,,,,,,,,,,,,,,,,
1219,,,,,,,,,,,,,,,,,
1220,,,,,,,,,,,,,,,,,
1221,,,,,,,,,,,,,,,,,
1222,,,,,,,,,,,,,,,,,
1223,,,,,,,,,,,,,,,,,
1224,,,,,,,,,,,,,,,,,
1225,,,,,,,,,,,,,,,,,
1226,,,,,,,,,,,,,,,,,
1227,,,,,,,,,,,,,,,,,
1228,,,,,,,,,,,,,,,,,
1229,,,,,,,,,,,,,,,,,
1230,,,,,,,,,,,,,,,,,
1231,,,,,,,,,,,,,,,,,
1232,,,,,,,,,,,,,,,,,
1233,,,,,,,,,,,,,,,,,
1234,,,,,,,,,,,,,,,,,
1235,,,,,,,,,,,,,,,,,
1236,,,,,,,,,,,,,,,,,
1237,,,,,,,,,,,,,,,,,
1238,,,,,,,,,,,,,,,,,
1239,,,,,,,,,,,,,,,,,
1240,,,,,,,,,,,,,,,,,
1241,,,,,,,,,,,,,,,,,
1242,,,,,,,,,,,,,,,,,
1243,,,,,,,,,,,,,,,,,
1244,,,,,,,,,,,,,,,,,
1245,,,,,,,,,,,,,,,,,
1246,,,,,,,,,,,,,,,,,
1247,,,,,,,,,,,,,,,,,
1248,,,,,,,,,,,,,,,,,
1249,,,,,,,,,,,,,,,,,
1250,,,,,,,,,,,,,,,,,
1251,,,,,,,,,,,,,,,,,
1252,,,,,,,,,,,,,,,,,
1253,,,,,,,,,,,,,,,,,
1254,,,,,,,,,,,,,,,,,
1255,,,,,,,,,,,,,,,,,
1256,,,,,,,,,,,,,,,,,
1257,,,,,,,,,,,,,,,,,
1258,,,,,,,,,,,,,,,,,
1259,,,,,,,,,,,,,,,,,
1260,,,,,,,,,,,,,,,,,
1261,,,,,,,,,,,,,,,,,
1262,,,,,,,,,,,,,,,,,
1263,,,,,,,,,,,,,,,,,
1264,,,,,,,,,,,,,,,,,
1265,,,,,,,,,,,,,,,,,
1266,,,,,,,,,,,,,,,,,
1267,,,,,,,,,,,,,,,,,
1268,,,,,,,,,,,,,,,,,
1269,,,,,,,,,,,,,,,,,
1270,,,,,,,,,,,,,,,,,
1271,,,,,,,,,,,,,,,,,
1272,,,,,,,,,,,,,,,,,
1273,,,,,,,,,,,,,,,,,
1274,,,,,,,,,,,,,,,,,
1275,,,,,,,,,,,,,,,,,
1276,,,,,,,,,,,,,,,,,
1277,,,,,,,,,,,,,,,,,
1278,,,,,,,,,,,,,,,,,
1279,,,,,,,,,,,,,,,,,
1280,,,,,,,,,,,,,,,,,
1281,,,,,,,,,,,,,,,,,
1282,,,,,,,,,,,,,,,,,
1283,,,,,,,,,,,,,,,,,
1284,,,,,,,,,,,,,,,,,
1285,,,,,,,,,,,,,,,,,
1286,,,,,,,,,,,,,,,,,
1287,,,,,,,,,,,,,,,,,
1288,,,,,,,,,,,,,,,,,
1289,,,,,,,,,,,,,,,,,
1290,,,,,,,,,,,,,,,,,
1291,,,,,,,,,,,,,,,,,
1292,,,,,,,,,,,,,,,,,
1293,,,,,,,,,,,,,,,,,
1294,,,,,,,,,,,,,,,,,
1295,,,,,,,,,,,,,,,,,
1296,,,,,,,,,,,,,,,,,
1297,,,,,,,,,,,,,,,,,
1298,,,,,,,,,,,,,,,,,
1299,,,,,,,,,,,,,,,,,
1300,,,,,,,,,,,,,,,,,
1301,,,,,,,,,,,,,,,,,
1302,,,,,,,,,,,,,,,,,
1303,,,,,,,,,,,,,,,,,
1304,,,,,,,,,,,,,,,,,
1305,,,,,,,,,,,,,,,,,
1306,,,,,,,,,,,,,,,,,
1307,,,,,,,,,,,,,,,,,
1308,,,,,,,,,,,,,,,,,
1309,,,,,,,,,,,,,,,,,
1310,,,,,,,,,,,,,,,,,
1311,,,,,,,,,,,,,,,,,
1312,,,,,,,,,,,,,,,,,
1313,,,,,,,,,,,,,,,,,
1314,,,,,,,,,,,,,,,,,
1315,,,,,,,,,,,,,,,,,
1316,,,,,,,,,,,,,,,,,
1317,,,,,,,,,,,,,,,,,
1318,,,,,,,,,,,,,,,,,
1319,,,,,,,,,,,,,,,,,
1320,,,,,,,,,,,,,,,,,
1321,,,,,,,,,,,,,,,,,
1322,,,,,,,,,,,,,,,,,
1323,,,,,,,,,,,,,,,,,
1324,,,,,,,,,,,,,,,,,
1325,,,,,,,,,,,,,,,,,
1326,,,,,,,,,,,,,,,,,
1327,,,,,,,,,,,,,,,,,
1328,,,,,,,,,,,,,,,,,
1329,,,,,,,,,,,,,,,,,
1330,,,,,,,,,,,,,,,,,
1331,,,,,,,,,,,,,,,,,
1332,,,,,,,,,,,,,,,,,
1333,,,,,,,,,,,,,,,,,
1334,,,,,,,,,,,,,,,,,
1335,,,,,,,,,,,,,,,,,
1336,,,,,,,,,,,,,,,,,
1337,,,,,,,,,,,,,,,,,
1338,,,,,,,,,,,,,,,,,
1339,,,,,,,,,,,,,,,,,
1340,,,,,,,,,,,,,,,,,
1341,,,,,,,,,,,,,,,,,
1342,,,,,,,,,,,,,,,,,
1343,,,,,,,,,,,,,,,,,
1344,,,,,,,,,,,,,,,,,
1345,,,,,,,,,,,,,,,,,
1346,,,,,,,,,,,,,,,,,
1347,,,,,,,,,,,,,,,,,
1348,,,,,,,,,,,,,,,,,
1349,,,,,,,,,,,,,,,,,
1350,,,,,,,,,,,,,,,,,
1351,,,,,,,,,,,,,,,,,
1352,,,,,,,,,,,,,,,,,
1353,,,,,,,,,,,,,,,,,
1354,,,,,,,,,,,,,,,,,
1355,,,,,,,,,,,,,,,,,
1356,,,,,,,,,,,,,,,,,
1357,,,,,,,,,,,,,,,,,
1358,,,,,,,,,,,,,,,,,
1359,,,,,,,,,,,,,,,,,
1360,,,,,,,,,,,,,,,,,
1361,,,,,,,,,,,,,,,,,
1362,,,,,,,,,,,,,,,,,
1363,,,,,,,,,,,,,,,,,
1364,,,,,,,,,,,,,,,,,
1365,,,,,,,,,,,,,,,,,
1366,,,,,,,,,,,,,,,,,
1367,,,,,,,,,,,,,,,,,
1368,,,,,,,,,,,,,,,,,
1369,,,,,,,,,,,,,,,,,
1370,,,,,,,,,,,,,,,,,
1371,,,,,,,,,,,,,,,,,
1372,,,,,,,,,,,,,,,,,
1373,,,,,,,,,,,,,,,,,
1374,,,,,,,,,,,,,,,,,
1375,,,,,,,,,,,,,,,,,
1376,,,,,,,,,,,,,,,,,
1377,,,,,,,,,,,,,,,,,
1378,,,,,,,,,,,,,,,,,
1379,,,,,,,,,,,,,,,,,
1380,,,,,,,,,,,,,,,,,
1381,,,,,,,,,,,,,,,,,
1382,,,,,,,,,,,,,,,,,
1383,,,,,,,,,,,,,,,,,
1384,,,,,,,,,,,,,,,,,
1385,,,,,,,,,,,,,,,,,
1386,,,,,,,,,,,,,,,,,
1387,,,,,,,,,,,,,,,,,
1388,,,,,,,,,,,,,,,,,
1389,,,,,,,,,,,,,,,,,
1390,,,,,,,,,,,,,,,,,
1391,,,,,,,,,,,,,,,,,
1392,,,,,,,,,,,,,,,,,
1393,,,,,,,,,,,,,,,,,
1394,,,,,,,,,,,,,,,,,
1395,,,,,,,,,,,,,,,,,
1396,,,,,,,,,,,,,,,,,
1397,,,,,,,,,,,,,,,,,
1398,,,,,,,,,,,,,,,,,
1399,,,,,,,,,,,,,,,,,
1400,,,,,,,,,,,,,,,,,
1401,,,,,,,,,,,,,,,,,
1402,,,,,,,,,,,,,,,,,
1403,,,,,,,,,,,,,,,,,
1404,,,,,,,,,,,,,,,,,
1405,,,,,,,,,,,,,,,,,
1406,,,,,,,,,,,,,,,,,
1407,,,,,,,,,,,,,,,,,
1408,,,,,,,,,,,,,,,,,
1409,,,,,,,,,,,,,,,,,
1410,,,,,,,,,,,,,,,,,
1411,,,,,,,,,,,,,,,,,
1412,,,,,,,,,,,,,,,,,
1413,,,,,,,,,,,,,,,,,
1414,,,,,,,,,,,,,,,,,
1415,,,,,,,,,,,,,,,,,
1416,,,,,,,,,,,,,,,,,
1417,,,,,,,,,,,,,,,,,
1418,,,,,,,,,,,,,,,,,
1419,,,,,,,,,,,,,,,,,
1420,,,,,,,,,,,,,,,,,
1421,,,,,,,,,,,,,,,,,
1422,,,,,,,,,,,,,,,,,
1423,,,,,,,,,,,,,,,,,
1424,,,,,,,,,,,,,,,,,
1425,,,,,,,,,,,,,,,,,
1426,,,,,,,,,,,,,,,,,
1427,,,,,,,,,,,,,,,,,
1428,,,,,,,,,,,,,,,,,
1429,,,,,,,,,,,,,,,,,
1430,,,,,,,,,,,,,,,,,
1431,,,,,,,,,,,,,,,,,
1432,,,,,,,,,,,,,,,,,
1433,,,,,,,,,,,,,,,,,
1434,,,,,,,,,,,,,,,,,
1435,,,,,,,,,,,,,,,,,
1436,,,,,,,,,,,,,,,,,
1437,,,,,,,,,,,,,,,,,
1438,,,,,,,,,,,,,,,,,
1439,,,,,,,,,,,,,,,,,
1440,,,,,,,,,,,,,,,,,
1441,,,,,,,,,,,,,,,,,
1442,,,,,,,,,,,,,,,,,
1443,,,,,,,,,,,,,,,,,
1444,,,,,,,,,,,,,,,,,
1445,,,,,,,,,,,,,,,,,
1446,,,,,,,,,,,,,,,,,
1447,,,,,,,,,,,,,,,,,
1448,,,,,,,,,,,,,,,,,
1449,,,,,,,,,,,,,,,,,
1450,,,,,,,,,,,,,,,,,
1451,,,,,,,,,,,,,,,,,
1452,,,,,,,,,,,,,,,,,
1453,,,,,,,,,,,,,,,,,
1454,,,,,,,,,,,,,,,,,
1455,,,,,,,,,,,,,,,,,
1456,,,,,,,,,,,,,,,,,
1457,,,,,,,,,,,,,,,,,
1458,,,,,,,,,,,,,,,,,
1459,,,,,,,,,,,,,,,,,
1460,,,,,,,,,,,,,,,,,
1461,,,,,,,,,,,,,,,,,
1462,,,,,,,,,,,,,,,,,
1463,,,,,,,,,,,,,,,,,
1464,,,,,,,,,,,,,,,,,
1465,,,,,,,,,,,,,,,,,
1466,,,,,,,,,,,,,,,,,
1467,,,,,,,,,,,,,,,,,
1468,,,,,,,,,,,,,,,,,
1469,,,,,,,,,,,,,,,,,
1470,,,,,,,,,,,,,,,,,
1471,,,,,,,,,,,,,,,,,
1472,,,,,,,,,,,,,,,,,
1473,,,,,,,,,,,,,,,,,
1474,,,,,,,,,,,,,,,,,
1475,,,,,,,,,,,,,,,,,
1476,,,,,,,,,,,,,,,,,
1477,,,,,,,,,,,,,,,,,
1478,,,,,,,,,,,,,,,,,
1479,,,,,,,,,,,,,,,,,
1480,,,,,,,,,,,,,,,,,
1481,,,,,,,,,,,,,,,,,
1482,,,,,,,,,,,,,,,,,
1483,,,,,,,,,,,,,,,,,
1484,,,,,,,,,,,,,,,,,
1485,,,,,,,,,,,,,,,,,
1486,,,,,,,,,,,,,,,,,
1487,,,,,,,,,,,,,,,,,
1488,,,,,,,,,,,,,,,,,
1489,,,,,,,,,,,,,,,,,
1490,,,,,,,,,,,,,,,,,
1491,,,,,,,,,,,,,,,,,
1492,,,,,,,,,,,,,,,,,
1493,,,,,,,,,,,,,,,,,
1494,,,,,,,,,,,,,,,,,
1495,,,,,,,,,,,,,,,,,
1496,,,,,,,,,,,,,,,,,
1497,,,,,,,,,,,,,,,,,
1498,,,,,,,,,,,,,,,,,
1499,,,,,,,,,,,,,,,,,
1500,,,,,,,,,,,,,,,,,